,snapshot,altitude (ft),heading,latitude,longitude,radar_id,ground speed (kts),squawk,date,flight_radar_flight_id,CAS (kts),TAS (kts),x (m),y (m),Distance (m),Distance (ft),ROC (ft/min)
0,1574796790,0,271,48.72703,2.36593,9996,0,0,2019-11-26T00:00:00.000Z,586933868,1.24856282689377,1.25147572032186,-994.236074223073,411.210684300948,,,
1,1574797366,0,236,48.72703,2.36592,9996,0,0,2019-11-26T00:00:00.000Z,586933868,5.54433205318692,5.55726696367198,-994.971782432516,411.210814750825,,,
2,1574797397,0,92,48.72702,2.3663,9996,0,0,2019-11-26T00:00:00.000Z,586933868,-1.11079333008607,-1.11338480768053,-967.015062197424,410.093881780135,,,
3,1574797451,0,5,48.72723,2.36634,9996,2,0,2019-11-26T00:00:00.000Z,586933868,-5.95566304025757,-5.96955758473396,-964.068214840763,433.446293146713,,,
4,1574797469,0,5,48.72717,2.36598,9996,0,0,2019-11-26T00:00:00.000Z,586933868,-7.95100790651301,-7.96955758473396,-990.55478370364,426.778645420439,,,
5,1574797542,0,77,48.7271,2.36627,9996,0,0,2019-11-26T00:00:00.000Z,586933868,-3.11857340526907,-3.12584902791419,-969.220649976647,418.990612389626,,,
6,1574797557,0,252,48.72703,2.36595,9996,0,0,2019-11-26T00:00:00.000Z,586933868,3.74703069063098,3.75577250228713,-992.764657804188,411.210423690675,,,
7,1574797573,0,5,48.72718,2.36622,9996,2,0,2019-11-26T00:00:00.000Z,586933868,-5.95566304025757,-5.96955758473396,-972.897642797386,427.887598877259,,,
8,1574797592,0,5,48.72745,2.36614,9996,17,0,2019-11-26T00:00:00.000Z,586933868,9.00942345665823,9.03044241526604,-978.778051428606,457.913802941703,,,
9,1574797621,0,178,48.7271,2.36613,9996,0,0,2019-11-26T00:00:00.000Z,586933868,7.8069671742571,7.82518080587045,-979.520550614029,418.992401532851,,,
10,1574797759,0,99,48.72709,2.36622,9996,0,0,2019-11-26T00:00:00.000Z,586933868,-0.139294278353751,-0.139619251498271,-972.899378808721,417.879205488193,,,
11,1574797877,0,5,48.72706,2.36597,9996,2,0,2019-11-26T00:00:00.000Z,586933868,-5.95566304025757,-5.96955758473396,-991.292651775138,414.546294591999,,,
12,1574797986,0,5,48.72726,2.36618,9996,15,0,2019-11-26T00:00:00.000Z,586933868,7.01407859040279,7.03044241526604,-975.838919094482,436.784459737515,,,
13,1574798071,0,5,48.72709,2.36597,9996,2,0,2019-11-26T00:00:00.000Z,586933868,-5.95566304025757,-5.96955758473396,-991.292062164916,417.882425717621,,,
14,1574798218,0,3,48.72706,2.36593,9996,0,0,2019-11-26T00:00:00.000Z,586933868,-7.92188747279642,-7.94036921313058,-994.235482862487,414.54681542595,,,
15,1574798338,0,56,48.72712,2.36616,9996,0,0,2019-11-26T00:00:00.000Z,586933868,-5.54433205318692,-5.55726696367198,-977.313041518235,421.216103972373,,,
16,1574798364,0,271,48.72712,2.36595,9996,0,0,2019-11-26T00:00:00.000Z,586933868,1.24856282689377,1.25147572032186,-992.762886347975,421.21881706732,,,
17,1574798376,0,165,48.72753,2.36585,9996,0,0,2019-11-26T00:00:00.000Z,586933868,7.23358636044363,7.2504622962932,-1000.11182554325,466.813916001768,,,
18,1574798408,0,170,48.72713,2.36595,9996,0,0,2019-11-26T00:00:00.000Z,586933868,7.50004338697313,7.51754096628727,-992.762689519507,422.330860775993,,,
19,1574798427,0,180,48.72756,2.36585,9996,0,0,2019-11-26T00:00:00.000Z,586933868,7.86012437688586,7.87846202409766,-1000.11123068193,470.150047125526,,,
20,1574798476,0,5,48.72693,2.36593,9996,13,0,2019-11-26T00:00:00.000Z,586933868,5.01873372414735,5.03044241526604,-994.238045425028,400.090247216664,,,
21,1574798497,0,5,48.72647,2.36585,9996,11,0,2019-11-26T00:00:00.000Z,586933868,3.02338885789191,3.03044241526604,-1000.13284397638,348.937282953606,,,
22,1574798653,0,253,48.72538,2.36396,9996,32,1000,2019-11-26T00:00:00.000Z,586933868,35.5489883120232,35.6319239979164,-1139.20785761228,227.751035749538,,,
23,1574798666,0,253,48.72516,2.36269,9996,15,1000,2019-11-26T00:00:00.000Z,586933868,18.588556948852,18.6319239979164,-1232.65123314423,203.305829227184,,,
24,1574798673,0,253,48.72501,2.36189,9996,15,1000,2019-11-26T00:00:00.000Z,586933868,18.588556948852,18.6319239979164,-1291.51391275641,186.638416970094,,,
25,1574798682,0,253,48.72481,2.36085,9996,16,1000,2019-11-26T00:00:00.000Z,586933868,19.5862293819797,19.6319239979164,-1368.03605522057,164.415682766823,,,
26,1574798694,0,267,48.72469,2.35967,9996,15,1000,2019-11-26T00:00:00.000Z,586933868,16.7605062226909,16.7996084347509,-1454.856906149,151.093004070164,,,
27,1574798700,0,278,48.72473,2.35897,9996,15,1000,2019-11-26T00:00:00.000Z,586933868,15.2436326232367,15.27919597362,-1506.35767549105,155.554772863087,,,
28,1574798713,0,264,48.72476,2.35762,9996,15,1000,2019-11-26T00:00:00.000Z,586933868,17.1650528284265,17.205098846536,-1605.68185783296,158.918456402506,,,
29,1574798721,0,253,48.72461,2.35671,9996,31,1000,2019-11-26T00:00:00.000Z,586933868,34.5513158788955,34.6319239979164,-1672.63929209516,142.25736652934,,,
30,1574798729,0,295,48.7247,2.35602,9996,34,1000,2019-11-26T00:00:00.000Z,586933868,31.8551297146047,31.9294476391798,-1723.40251913772,152.281126903384,,,
31,1574798738,0,343,48.72523,2.3557,9996,32,1000,2019-11-26T00:00:00.000Z,586933868,24.8140566847296,24.8719478064931,-1746.9279134452,211.226722523941,,,
32,1574798755,0,345,48.72642,2.35519,9996,15,1000,2019-11-26T00:00:00.000Z,586933868,7.73150013647217,7.7495377037068,-1784.40827159634,343.571725774214,,,
33,1574798773,0,343,48.72778,2.35463,9996,17,1000,2019-11-26T00:00:00.000Z,586933868,9.84897018781379,9.87194780649306,-1825.55920491578,494.822916483703,,,
34,1574798785,0,343,48.72854,2.35433,9996,34,1000,2019-11-26T00:00:00.000Z,586933868,26.809401550985,26.8719478064931,-1847.60228252727,579.345458202607,,,
35,1574798809,0,19,48.73001,2.35382,9996,31,1000,2019-11-26T00:00:00.000Z,586933868,23.0447299874919,23.0984932752389,-1885.06733502602,742.828353805712,,,
36,1574798820,0,47,48.73054,2.35445,9996,33,1000,2019-11-26T00:00:00.000Z,586933868,26.5489772332861,26.6109159196217,-1838.70113397602,801.751282080913,,,
37,1574798874,0,61,48.73276,2.35868,9996,16,1000,2019-11-26T00:00:00.000Z,586933868,10.9399140839989,10.9654368716013,-1527.4509807626,1048.53160292481,,,
38,1574798883,0,61,48.73312,2.35968,9996,17,1000,2019-11-26T00:00:00.000Z,586933868,11.9375865171266,11.9654368716013,-1453.87813954916,1088.54562594806,,,
39,1574798892,0,47,48.73348,2.36051,9996,17,1000,2019-11-26T00:00:00.000Z,586933868,10.5862183032426,10.6109159196217,-1392.81178871921,1128.56370540762,,,
40,1574798901,0,16,48.73405,2.36094,9996,17,1000,2019-11-26T00:00:00.000Z,586933868,9.02277472996438,9.04382483705381,-1361.16499659112,1191.94243008764,,,
41,1574798910,0,340,48.73472,2.36083,9996,30,1000,2019-11-26T00:00:00.000Z,586933868,23.0180956198793,23.0717967697245,-1369.23846931987,1266.45132581321,,,
42,1574798919,0,323,48.73511,2.36044,9996,23,1000,2019-11-26T00:00:00.000Z,586933868,17.5031782557562,17.5440131195,-1397.91590411442,1309.82810525869,,,
43,1574798931,0,258,48.7352,2.35987,9996,16,1000,2019-11-26T00:00:00.000Z,586933868,18.952636302195,18.9968527473273,-1439.84198453131,1319.84710411577,0,0,0
44,1574798972,0,239,48.73481,2.35877,22560,37,1000,2019-11-26T00:00:00.000Z,586933868,42.1501360875526,42.2484722319241,-1520.76853958382,1276.49875463307,91.805156257926,301.198019218917,0
45,1574798980,0,241,48.73362,2.35547,22560,76,1000,2019-11-26T00:00:00.000Z,586933868,80.8459497637513,81.0345631283987,-1763.55641319154,1144.23662648953,368.281596686427,1208.27295500796,0
46,1574799006,825,242,48.72647,2.33523,22560,161,1000,2019-11-26T00:00:00.000Z,586933868,163.545504739129,165.925291802605,-3252.8963927889,349.791310511049,2056.26173131693,6746.26552269334,31.7307692307692
47,1574799016,1225,241,48.72311,2.32534,22560,153,1000,2019-11-26T00:00:00.000Z,586933868,154.851717453899,158.034563128399,-3980.78505522115,-23.3860530153438,2874.23682234716,9429.9108344723,40
48,1574799027,1700,241,48.71979,2.316,22560,146,1000,2019-11-26T00:00:00.000Z,586933868,146.956422311873,151.034563128399,-4668.2971662597,-392.054536248728,3654.35819325959,11989.3641511141,43.1818181818182
49,1574799037,2200,241,48.71672,2.30734,22560,139,1000,2019-11-26T00:00:00.000Z,586933868,139.109146110319,144.034563128399,-5305.83481264948,-732.885153700374,4377.28264322424,14361.1635276386,50
50,1574799047,2575,241,48.71357,2.29867,22560,142,1000,2019-11-26T00:00:00.000Z,586933868,141.215885801039,147.034563128399,-5944.1953472361,-1082.5387889419,5105.13004258439,16749.1143129409,37.5
51,1574799057,2900,241,48.71036,2.28973,22560,146,1000,2019-11-26T00:00:00.000Z,586933868,144.355644539161,151.034563128399,-6602.51406884364,-1438.76858285758,5853.65072051667,19204.8908153434,32.5
52,1574799066,3250,239,48.70706,2.28058,22560,147,1000,2019-11-26T00:00:00.000Z,586933868,144.755888632438,152.248472231924,-7276.38544914326,-1804.90935627346,6620.56773241853,21721.0227441553,38.8888888888889
53,1574799077,3500,236,48.70312,2.27107,22560,158,1000,2019-11-26T00:00:00.000Z,586933868,154.926364334052,163.557266963672,-7976.94380148454,-2242.10208702869,7446.35189844519,24430.2883807257,22.7272727272727
54,1574799086,3725,235,48.69896,2.26185,22560,170,1000,2019-11-26T00:00:00.000Z,586933868,165.82618096147,175.656854249492,-8656.30187950208,-2703.70504266954,8267.69511953127,27124.9839879635,25
55,1574799097,3925,234,48.69411,2.25149,22560,181,1000,2019-11-26T00:00:00.000Z,586933868,175.773414547388,186.754718402709,-9419.82496006436,-3241.81603062574,9201.78876039952,30189.5956706021,18.1818181818182
56,1574799107,4050,234,48.68889,2.24034,22560,198,1000,2019-11-26T00:00:00.000Z,586933868,191.413183810063,203.754718402709,-10241.7341675868,-3820.86240962505,10207.18890683,33488.1525814633,12.5
57,1574799117,4275,234,48.68312,2.22806,22560,218,1000,2019-11-26T00:00:00.000Z,586933868,209.489938459356,223.754718402709,-11147.1411132698,-4460.78545525038,11315.9103513838,37125.6901292118,22.5
58,1574799127,4575,235,48.67708,2.21508,22560,232,1000,2019-11-26T00:00:00.000Z,586933868,221.499819501112,237.656854249492,-12104.3697961597,-5130.47595334579,12484.1449659139,40958.4808592976,30
59,1574799137,4875,235,48.67099,2.20177,22560,244,1000,2019-11-26T00:00:00.000Z,586933868,231.629778467606,249.656854249492,-13086.1454707884,-5805.50610766184,13675.5933217098,44867.4321578405,30
60,1574799148,5325,225,48.66333,2.18722,22560,250,1000,2019-11-26T00:00:00.000Z,586933868,236.408041681862,256.553216354312,-14159.9380111112,-6654.72376649117,15044.6079497252,49358.9499662902,40.9090909090909
61,1574799157,5875,208,48.65428,2.17776,22560,248,1000,2019-11-26T00:00:00.000Z,586933868,233.57252837254,255.608452130361,-14859.4593175376,-7659.31390149978,16268.7531198342,53375.1742776714,61.1111111111111
62,1574799163,6225,196,48.64856,2.17452,22560,248,1000,2019-11-26T00:00:00.000Z,586933868,232.642708436634,255.956175162946,-15099.8823562766,-8294.76087653751,16948.1617565479,55604.2052380179,58.3333333333333
63,1574799172,6775,178,48.63755,2.17276,22560,251,1000,2019-11-26T00:00:00.000Z,586933868,233.275182196303,258.82518080587,-15232.8877102481,-9518.7614218933,18179.3675716805,59643.5943952772,61.1111111111111
64,1574799182,7450,157,48.62567,2.17748,22560,253,1000,2019-11-26T00:00:00.000Z,586933868,231.651780611293,259.709364543563,-14888.5171412478,-10840.7940002163,19545.5158897415,64125.7082996768,67.5
65,1574799188,7825,156,48.62,2.18107,22560,251,1000,2019-11-26T00:00:00.000Z,586933868,228.470966266912,257.63230058044,-14625.507768252,-11472.0147253877,20229.3386256677,66369.2212128205,62.5
66,1574799198,8450,156,48.60966,2.1878,22560,250,1000,2019-11-26T00:00:00.000Z,586933868,225.388202764836,256.63230058044,-14132.2159031977,-12623.1324488319,21481.6999462761,70478.018196444,62.5
67,1574799218,9350,157,48.58787,2.20153,22560,261,1000,2019-11-26T00:00:00.000Z,586933868,231.838683534016,267.709364543563,-13125.3927176622,-15048.7220044903,24107.9477676842,79094.3168231108,45
68,1574799234,9725,158,48.57014,2.21227,22560,279,1000,2019-11-26T00:00:00.000Z,586933868,246.041448965741,285.784384769251,-12337.3854460903,-17022.1640819409,26232.9016714438,86065.9503656293,23.4375
69,1574799248,10075,158,48.55087,2.22379,22560,299,1000,2019-11-26T00:00:00.000Z,586933868,261.816081439398,305.784384769251,-11491.5884004244,-19166.868884442,28538.3585312285,93629.7852074426,25
70,1574799262,10600,157,48.53234,2.23514,22560,309,1000,2019-11-26T00:00:00.000Z,586933868,268.085738593261,315.709364543563,-10657.5434874794,-21229.1326013255,30762.8950121124,100928.133241839,37.5
71,1574799279,11300,157,48.51054,2.24875,22560,315,1000,2019-11-26T00:00:00.000Z,586933868,270.16872280327,321.709364543563,-9656.53546417103,-23655.200522713,33387.3611715272,109538.586520758,41.1764705882353
72,1574799293,12000,157,48.49133,2.26101,22560,318,1000,2019-11-26T00:00:00.000Z,586933868,269.665930106441,324.709364543563,-8754.00430270079,-25792.9176613778,35707.791532983,117151.547024222,50
73,1574799328,13550,157,48.44268,2.29188,22560,328,1000,2019-11-26T00:00:00.000Z,586933868,271.138184511226,334.709364543563,-6478.47370850676,-31206.1001360375,41579.8085620009,136416.694757221,44.2857142857143
74,1574799364,15225,157,48.39285,2.32361,22560,333,1000,2019-11-26T00:00:00.000Z,586933868,267.79739146871,339.709364543563,-4134.96934857763,-36749.6311820425,47598.3423654307,156162.540568998,46.5277777777778
75,1574799394,16300,157,48.34832,2.35129,22560,345,1000,2019-11-26T00:00:00.000Z,586933868,272.404154415793,351.709364543563,-2086.86517351456,-41702.6978406209,52958.1557983995,173747.23030971,35.8333333333333
76,1574799430,17625,157,48.29543,2.38447,22560,354,1000,2019-11-26T00:00:00.000Z,586933868,273.304177388962,360.709364543563,372.931052805995,-47584.6729943723,59333.7521771212,194664.541263521,36.8055555555556
77,1574799465,18950,157,48.24143,2.418,22560,363,1000,2019-11-26T00:00:00.000Z,586933868,273.973667339604,369.709364543563,2863.9063305544,-53588.9905075692,65834.2742049,215991.713270669,37.8571428571429
78,1574799528,20875,157,48.14102,2.4803,677,382,1000,2019-11-26T00:00:00.000Z,586933868,278.795474883668,388.709364543563,7506.26798818178,-64750.7304933329,77922.9449866693,255652.706649178,30.5555555555556
79,1574799591,22875,161,48.03374,2.54066,677,388,1000,2019-11-26T00:00:00.000Z,586933868,273.703041860736,394.996957657115,12023.8245034999,-76672.8713683275,90672.2884957411,297481.261468967,31.7460317460317
80,1574799652,24800,161,47.92762,2.59313,677,394,1000,2019-11-26T00:00:00.000Z,586933868,268.646253105429,400.996957657115,15970.222780477,-88464.0321063535,103106.335741529,338275.379729427,31.5573770491803
81,1574799716,26425,161,47.81683,2.64721,677,405,1000,2019-11-26T00:00:00.000Z,586933868,268.155543366304,411.996957657115,20055.2643289301,-100771.246841112,116073.798831125,380819.549970884,25.390625
82,1574799783,27625,162,47.69421,2.70628,750,421,1000,2019-11-26T00:00:00.000Z,586933868,272.662255797663,428.063580742871,24537.9743398277,-114389.308868838,130410.684909797,427856.577788047,17.910447761194
83,1574799848,29275,163,47.57643,2.75743,750,420,1000,2019-11-26T00:00:00.000Z,586933868,264.01309556801,427.128052193507,28443.1171232887,-127468.517750816,144060.441139767,472639.242584539,25.3846153846154
84,1574799896,30400,163,47.48575,2.7975,750,421,1000,2019-11-26T00:00:00.000Z,586933868,259.201145880464,428.128052193507,31513.6456378666,-137536.120391545,154585.875491397,507171.507517705,23.4375
85,1574799985,32400,163,47.32044,2.87025,9996,419,1000,2019-11-26T00:00:00.000Z,586933868,248.528445069909,426.128052193507,37115.98903943,-155885.043523239,173771.005975234,570114.849000111,22.4719101123596
86,1574800051,34075,163,47.19846,2.92367,9996,411,1000,2019-11-26T00:00:00.000Z,586933868,236.228451160246,418.128052193507,41252.575485761,-169420.856826983,187924.789540831,616551.146787505,25.3787878787879
87,1574800111,34950,163,47.08601,2.97222,1591,418,1000,2019-11-26T00:00:00.000Z,586933868,236.180437473885,425.128052193507,45029.9166406474,-181896.737339027,200959.968893307,659317.483245758,14.5833333333333
88,1574800175,35000,163,46.96783,3.02358,1591,425,1000,2019-11-26T00:00:00.000Z,586933868,239.837894411779,432.128052193507,49042.4892577989,-195005.223552579,214668.840102082,704294.094823103,0.78125
89,1574800237,35000,163,46.84938,3.07473,1591,426,1000,2019-11-26T00:00:00.000Z,586933868,240.392910206737,433.128052193507,53057.0178106505,-208140.846104526,228404.233046184,749357.719967796,0
90,1574800298,35000,163,46.73634,3.12333,1591,424,1000,2019-11-26T00:00:00.000Z,586933868,239.282878616821,431.128052193507,56888.3209937139,-220673.841060195,241509.760377786,792354.856882502,0
91,1574800360,34975,163,46.61714,3.17418,1591,424,1000,2019-11-26T00:00:00.000Z,586933868,239.398297162508,431.128052193507,60915.2304455584,-233887.117303918,255323.039091629,837674.01276781,-0.403225806451613
92,1574800423,35425,163,46.49796,3.22483,1591,430,1000,2019-11-26T00:00:00.000Z,586933868,240.628127011822,437.128052193507,64944.4333148461,-247095.252017241,269132.068687048,882979.227975879,7.14285714285714
93,1574800487,36375,163,46.37701,3.27599,1591,431,1000,2019-11-26T00:00:00.000Z,586933868,236.763043317088,438.128052193507,69032.8288959432,-260496.596131007,283143.171515987,928947.413110192,14.84375
94,1574800550,36975,163,46.25491,3.32765,1591,438,1000,2019-11-26T00:00:00.000Z,586933868,237.735118807383,445.128052193507,73179.4540761953,-274022.086069352,297290.021994372,975360.964548463,9.52380952380952
95,1574800613,37000,163,46.13429,3.37816,1591,432,1000,2019-11-26T00:00:00.000Z,586933868,234.415464379597,439.128052193507,77253.3664202511,-287380.930093679,311256.248236752,1021181.91678725,0.396825396825397
96,1574800675,37000,164,46.01619,3.42657,1591,434,1000,2019-11-26T00:00:00.000Z,586933868,235.516362059078,441.190352370393,81178.3931945203,-300458.73697116,324910.363656779,1065978.88338838,0
97,1574800742,37025,164,45.88444,3.48039,24605,439,1000,2019-11-26T00:00:00.000Z,586933868,238.068482702917,446.190352370393,85562.3608827163,-315044.755399932,340140.96135666,1115948.03594705,0.373134328358209
98,1574800809,37025,163,45.75554,3.53277,24605,437,1000,2019-11-26T00:00:00.000Z,586933868,236.968125710927,444.128052193507,89850.0304270941,-329311.958406497,355038.517926524,1164824.53387967,0
99,1574800868,37025,163,45.63949,3.58168,24605,430,1000,2019-11-26T00:00:00.000Z,586933868,233.233218915952,437.128052193507,93863.8793965475,-342151.496450608,368490.830766172,1208959.41852419,0
100,1574800933,36950,163,45.51561,3.63373,24605,429,1000,2019-11-26T00:00:00.000Z,586933868,233.042778238207,436.128052193507,98154.2973928099,-355854.059892139,382849.379838131,1256067.51915397,-1.15384615384615
101,1574800994,36950,164,45.40041,3.68094,24605,433,1000,2019-11-26T00:00:00.000Z,586933868,235.21344741323,440.190352370393,102067.418303276,-368594.965725854,396177.665426439,1299795.49024422,0
102,1574801045,37025,164,45.3018,3.71994,24605,439,1000,2019-11-26T00:00:00.000Z,586933868,238.068482702917,446.190352370393,105318.733056254,-379500.726006746,407557.764500139,1337131.77329442,1.47058823529412
103,1574801096,37050,147,45.2038,3.77191,19858,474,1000,2019-11-26T00:00:00.000Z,586933868,255.902530390063,479.850829612953,109600.907448336,-390316.719846707,419190.594777861,1375297.22696149,0.490196078431373
104,1574801105,37050,141,45.18494,3.7914,19858,485,1000,2019-11-26T00:00:00.000Z,586933868,261.447551659344,490.248472231924,111173.806826787,-392383.080959633,421787.489212324,1383817.22182521,0
105,1574801111,37050,137,45.17592,3.80251,19858,490,1000,2019-11-26T00:00:00.000Z,586933868,263.882606791108,494.814520185216,112067.302976746,-393368.364702401,,,
106,1574801117,37050,134,45.16731,3.81453,19858,496,1000,2019-11-26T00:00:00.000Z,586933868,266.900541171449,500.473543227766,113031.908252495,-394306.479885228,,,
107,1574801132,37050,123,45.14399,3.856,19858,512,1000,2019-11-26T00:00:00.000Z,586933868,274.714557317532,515.125849027914,116348.442160943,-396831.955142863,,,
108,1574801143,37050,119,45.13055,3.88798,19858,518,1000,2019-11-26T00:00:00.000Z,586933868,277.636324117291,520.604545235657,118897.94929217,-398273.080930325,,,
109,1574801149,37050,119,45.12524,3.90126,19858,516,1000,2019-11-26T00:00:00.000Z,586933868,276.569732107451,518.604545235657,119956.423140049,-398841.040448632,,,
110,1574801211,37000,120,45.05067,4.07959,1281,511,1000,2019-11-26T00:00:00.000Z,586933868,274.24278677306,513.736161146605,134198.126486332,-406810.910998962,,,
111,1574801273,37000,122,44.97216,4.25801,665,513,1000,2019-11-26T00:00:00.000Z,586933868,275.449589820042,515.996852747327,148496.533899418,-415181.267326615,,,
112,1574801337,37025,122,44.89233,4.43691,665,504,1000,2019-11-26T00:00:00.000Z,586933868,270.512284336696,506.996852747327,162877.765133096,-423659.561974196,,,
113,1574801400,37000,122,44.8144,4.61205,665,505,1000,2019-11-26T00:00:00.000Z,586933868,271.179027496206,507.996852747327,176996.376772186,-431897.990530008,,,
114,1574801459,37025,120,44.74247,4.78173,665,507,1000,2019-11-26T00:00:00.000Z,586933868,271.973864558696,509.736161146605,190700.302781145,-439447.769919282,,,
115,1574801522,36800,121,44.66678,4.95932,665,499,1000,2019-11-26T00:00:00.000Z,586933868,268.960614468595,501.866943596362,205082.731860828,-447357.432683153,,,
116,1574801585,36025,121,44.59341,5.13042,665,483,1000,2019-11-26T00:00:00.000Z,586933868,264.359454337308,485.866943596362,218978.437182253,-454991.24648296,,,
117,1574801649,36000,121,44.51907,5.30208,665,490,1000,2019-11-26T00:00:00.000Z,586933868,268.298708475533,492.866943596362,232959.536069723,-462694.959698468,,,
118,1574801712,36000,121,44.4451,5.47211,665,491,1000,2019-11-26T00:00:00.000Z,586933868,268.843071841673,493.866943596362,246846.091845629,-470326.841167139,,,
119,1574801774,35800,121,44.37117,5.64135,665,488,1000,2019-11-26T00:00:00.000Z,586933868,268.251470544055,490.866943596362,260706.007851911,-477921.134949643,,,
120,1574801838,34825,121,44.29683,5.81039,665,488,1000,2019-11-26T00:00:00.000Z,586933868,273.359492242642,490.866943596362,274588.469927262,-485525.672955825,,,
121,1574801902,33850,121,44.22234,5.97884,665,493,1000,2019-11-26T00:00:00.000Z,586933868,281.355618388351,495.866943596362,288461.095890271,-493113.040002225,,,
122,1574801964,33000,121,44.14539,6.15149,665,498,1000,2019-11-26T00:00:00.000Z,586933868,288.824532422907,500.866943596362,302720.913137225,-500918.778743549,,,
123,1574802027,33000,121,44.06923,6.32146,665,498,1000,2019-11-26T00:00:00.000Z,586933868,288.824532422907,500.866943596362,316799.564195918,-508610.650045849,,,
124,1574802091,33000,121,43.99127,6.49458,665,498,1000,2019-11-26T00:00:00.000Z,586933868,288.824532422907,500.866943596362,331180.282840361,-516449.527639185,,,
125,1574802154,33000,122,43.91417,6.66478,665,493,1000,2019-11-26T00:00:00.000Z,586933868,286.016198332759,495.996852747327,345359.669149168,-524168.300882999,,,
126,1574802225,32150,122,43.82954,6.8503,4179,494,1000,2019-11-26T00:00:00.000Z,586933868,291.228367229974,496.996852747327,360862.820536615,-532603.595354691,,,
127,1574802288,31100,122,43.75151,7.02033,4179,494,1000,2019-11-26T00:00:00.000Z,586933868,297.009054043492,496.996852747327,375114.917462258,-540345.89477216,,,
128,1574802351,31000,122,43.67258,7.19106,4179,500,1000,2019-11-26T00:00:00.000Z,586933868,301.155066538061,502.996852747327,389468.695188243,-548145.00772404,,,
129,1574802415,31025,122,43.59467,7.35905,4179,495,1000,2019-11-26T00:00:00.000Z,586933868,298.022708052931,497.996852747327,403632.276120282,-555807.651502805,,,
130,1574802476,31000,122,43.51813,7.52314,4179,502,1000,2019-11-26T00:00:00.000Z,586933868,302.352509682658,504.996852747327,417507.194030174,-563303.675087285,,,
131,1574802540,30700,122,43.43599,7.69795,4179,519,1000,2019-11-26T00:00:00.000Z,586933868,314.278824705947,521.996852747327,432333.52024724,-571314.87507673,,,
132,1574802603,29625,122,43.35599,7.86742,4179,512,1000,2019-11-26T00:00:00.000Z,586933868,316.286059627515,514.996852747327,446749.884130547,-579081.575500819,,,
133,1574802667,27275,123,43.27286,8.04238,4179,510,1000,2019-11-26T00:00:00.000Z,586933868,328.916114943761,513.125849027914,461679.208852342,-587117.098682735,,,
134,1574802727,24850,123,43.19641,8.20276,4179,489,1000,2019-11-26T00:00:00.000Z,586933868,329.406645877491,492.125849027914,475403.799109609,-594472.275267461,,,
135,1574802796,22225,123,43.10979,8.3827,4179,501,1000,2019-11-26T00:00:00.000Z,586933868,353.279414747755,504.125849027914,490852.232763713,-602774.237826909,,,
136,1574802857,19925,123,43.03509,8.53734,717,476,1000,2019-11-26T00:00:00.000Z,586933868,349.252275447578,479.125849027914,504167.234929743,-609900.256724943,,,
137,1574802920,17650,123,42.95961,8.69306,717,457,1000,2019-11-26T00:00:00.000Z,586933868,348.485342570651,460.125849027914,517611.660368723,-617069.467716541,,,
138,1574802951,16575,123,42.92336,8.76728,717,452,1000,2019-11-26T00:00:00.000Z,586933868,350.904700669385,455.125849027914,524034.228370941,-620504.296199551,,,
139,1574802987,15325,123,42.8815,8.85263,17654,444,1000,2019-11-26T00:00:00.000Z,586933868,351.898878005578,447.125849027914,531431.267175929,-624463.390467244,,,
140,1574803021,14175,123,42.84421,8.92881,16029,432,1000,2019-11-26T00:00:00.000Z,586933868,348.934121391095,435.125849027914,538041.678397002,-627980.033818675,,,
141,1574803056,12925,123,42.80492,9.00873,6415,421,1000,2019-11-26T00:00:00.000Z,586933868,347.049185301405,424.125849027914,544987.167172139,-631678.750658081,,,
142,1574803092,11750,123,42.76703,9.08544,6415,408,1000,2019-11-26T00:00:00.000Z,586933868,342.797439326128,411.125849027914,551664.047145362,-635239.604861207,,,
143,1574803108,11225,123,42.75119,9.1174,6415,384,1000,2019-11-26T00:00:00.000Z,586933868,325.492225236489,387.125849027914,554448.89326677,-636726.508674466,,,
144,1574803114,11075,123,42.74451,9.13095,6415,373,1000,2019-11-26T00:00:00.000Z,586933868,316.996834766725,376.125849027914,555629.672175754,-637352.516945343,,,
145,1574803132,10625,123,42.72766,9.16534,6415,350,1000,2019-11-26T00:00:00.000Z,586933868,299.739672119272,353.125849027914,558626.654983782,-638928.645999703,,,
146,1574803148,10325,123,42.71429,9.19249,6415,332,1000,2019-11-26T00:00:00.000Z,586933868,285.810968688081,335.125849027914,560994.557638286,-640179.132625195,,,
147,1574803163,10050,123,42.70226,9.21678,6415,317,1000,2019-11-26T00:00:00.000Z,586933868,274.20324436324,320.125849027914,563114.60349353,-641304.493303491,,,
148,1574803178,9550,123,42.68957,9.2425,6415,308,1000,2019-11-26T00:00:00.000Z,586933868,268.595014170529,311.125849027914,565359.907006344,-642489.824410804,,,
149,1574803193,8950,122,42.67783,9.26697,6415,305,1000,2019-11-26T00:00:00.000Z,586933868,268.40067081245,307.996852747327,567493.623857519,-643579.9028724,,,
150,1574803208,8300,121,42.66676,9.29105,6415,304,1000,2019-11-26T00:00:00.000Z,586933868,270.135912949532,306.866943596362,569589.283658334,-644598.527320551,,,
151,1574803222,7575,120,42.65616,9.31509,6415,307,1000,2019-11-26T00:00:00.000Z,586933868,275.741159543114,309.736161146605,571677.66923891,-645564.844129602,,,
152,1574803238,6875,119,42.64476,9.34163,6415,305,1000,2019-11-26T00:00:00.000Z,586933868,276.813592681194,307.604545235657,573981.026146468,-646597.353913826,,,
153,1574803248,6475,119,42.63789,9.35812,6415,302,1000,2019-11-26T00:00:00.000Z,586933868,275.802086250602,304.604545235657,575410.437522101,-647214.880079362,,,
154,1574803263,5850,117,42.62797,9.38316,6415,294,1000,2019-11-26T00:00:00.000Z,586933868,270.895012425528,296.338973637782,577576.39378312,-648095.423999979,,,
155,1574803274,5300,117,42.62169,9.39962,6415,289,1000,2019-11-26T00:00:00.000Z,586933868,268.56437428104,291.338973637782,578998.109324037,-648647.217760072,,,
156,1574803286,4550,117,42.61459,9.41847,6415,287,1000,2019-11-26T00:00:00.000Z,586933868,269.770293023247,289.338973637782,580625.685913276,-649268.533776664,,,
157,1574803392,1600,161,42.53059,9.52995,4084,195,1000,2019-11-26T00:00:00.000Z,586933868,196.834109832162,201.996957657115,590697.41718518,-657558.129871426,,,
158,1574803404,1600,161,42.52103,9.53426,4084,179,1000,2019-11-26T00:00:00.000Z,586933868,181.243054432899,185.996957657115,591153.233565013,-658573.224986324,,,
159,1574803412,1575,177,42.5136,9.53652,4084,167,1000,2019-11-26T00:00:00.000Z,586933868,170.390428799339,174.794960518282,591417.52786544,-659371.614018248,,,
160,1574803434,1225,256,42.5027,9.52406,4084,156,1000,2019-11-26T00:00:00.000Z,586933868,156.046489935407,159.253893144606,590501.501999439,-660680.247488079,,,
161,1574803458,775,321,42.50941,9.50394,4084,146,1000,2019-11-26T00:00:00.000Z,586933868,138.834979162073,140.751527768076,588768.856169128,-660116.195967926,,,
162,1574803464,700,331,42.51283,9.50111,4084,143,1000,2019-11-26T00:00:00.000Z,586933868,135.069349259297,136.782832308344,588499.458064109,-659764.147143701,,,
163,1574803470,625,340,42.5163,9.49915,4084,141,1000,2019-11-26T00:00:00.000Z,586933868,132.538432396248,134.071796769725,588301.457122732,-659399.037565999,,,
164,1574803476,550,341,42.5202,9.49737,4084,138,1000,2019-11-26T00:00:00.000Z,586933868,129.647670557825,131.003042342885,588113.884053055,-658985.009813645,,,
165,1574803482,475,343,42.5237,9.49589,4084,135,1000,2019-11-26T00:00:00.000Z,586933868,126.688532440895,127.871947806493,587955.268952611,-658612.422322747,,,
166,1574803491,400,343,42.52901,9.49378,4084,132,1000,2019-11-26T00:00:00.000Z,586933868,123.852663653848,124.871947806493,587725.839274602,-658045.970559225,,,
167,1574803499,275,342,42.53436,9.49149,4084,130,1000,2019-11-26T00:00:00.000Z,586933868,122.156864049872,122.936419257129,587481.158653735,-657476.658528228,,,
168,1574803505,200,342,42.53785,9.49002,4084,130,1000,2019-11-26T00:00:00.000Z,586933868,122.291326542023,122.936419257129,587323.533843618,-657105.061501779,,,
169,1574803511,150,342,42.54131,9.4885,4084,131,1000,2019-11-26T00:00:00.000Z,586933868,123.376493918615,123.936419257129,587162.1054111,-656737.194325409,,,
170,1574803517,50,342,42.54465,9.48708,4084,130,1000,2019-11-26T00:00:00.000Z,586933868,122.560486749643,122.936419257129,587010.195265727,-656381.670960664,,,
171,1574803523,50,342,42.54794,9.4857,4084,121,1000,2019-11-26T00:00:00.000Z,586933868,113.5880082326,113.936419257129,586862.120580651,-656031.302427556,,,
172,1574803548,0,343,42.55625,9.48224,4084,41,1000,2019-11-26T00:00:00.000Z,586933868,33.7931085828791,33.8719478064931,586490.28546209,-655146.083972602,,,
173,1574803558,0,343,42.55781,9.48159,4084,28,1000,2019-11-26T00:00:00.000Z,586933868,20.8233669522187,20.8719478064931,586420.453079656,-654979.906104574,,,
174,1574803565,0,343,42.55867,9.48123,4084,24,1000,2019-11-26T00:00:00.000Z,586933868,16.8326772197078,16.8719478064931,586381.819391806,-654888.309110318,,,
175,1574803572,0,343,42.55924,9.48099,4084,19,1000,2019-11-26T00:00:00.000Z,586933868,11.8443150540692,11.8719478064931,586356.098630268,-654827.611319108,,,
176,1574803579,0,300,42.55962,9.48052,4084,18,1000,2019-11-26T00:00:00.000Z,586933868,15.2283112477357,15.2638388533947,586313.355959403,-654789.821471794,,,
177,1574803586,0,253,42.55951,9.47953,4084,18,1000,2019-11-26T00:00:00.000Z,586933868,21.5815742482352,21.6319239979164,586232.754004014,-654810.478245014,,,
178,1574803594,0,236,42.5593,9.47888,4084,18,1000,2019-11-26T00:00:00.000Z,586933868,23.5024358494859,23.557266963672,586181.260113204,-654839.212555452,,,
179,1574803602,0,171,42.55861,9.47869,4084,17,1000,2019-11-26T00:00:00.000Z,586933868,24.5069739062562,24.5641486047945,586172.717429731,-654916.83628494,,,
180,1574803608,0,163,42.55815,9.47889,4084,17,1000,2019-11-26T00:00:00.000Z,586933868,24.0718925385287,24.1280521935069,586193.994627481,-654965.766803889,,,
181,1574803615,0,163,42.55763,9.47911,4084,21,1000,2019-11-26T00:00:00.000Z,586933868,28.0625822710396,28.1280521935069,586217.544836685,-655021.131958713,,,
182,1574803622,0,163,42.5568,9.47946,4084,22,1000,2019-11-26T00:00:00.000Z,586933868,29.0602547041673,29.1280521935069,586255.040010994,-655109.512943886,,,
183,1574803628,0,163,42.55627,9.47969,4084,22,1000,2019-11-26T00:00:00.000Z,586933868,29.0602547041673,29.1280521935069,586279.520369613,-655165.892668539,,,
184,1574803636,0,163,42.5556,9.47997,4084,22,1000,2019-11-26T00:00:00.000Z,586933868,29.0602547041673,29.1280521935069,586309.579700998,-655237.257766502,,,
185,1574803646,0,163,42.55447,9.48044,4084,22,1000,2019-11-26T00:00:00.000Z,586933868,29.0602547041673,29.1280521935069,586360.093154239,-655357.638627602,,,
186,1574803653,0,163,42.55384,9.48069,4084,22,1000,2019-11-26T00:00:00.000Z,586933868,29.0602547041673,29.1280521935069,586387.262368488,-655424.857245406,,,
187,1574803661,0,163,42.55291,9.48109,4084,22,1000,2019-11-26T00:00:00.000Z,586933868,29.0602547041673,29.1280521935069,586429.926086579,-655523.817189578,,,
188,1574803685,0,163,42.5506,9.48206,4084,22,1000,2019-11-26T00:00:00.000Z,586933868,29.0602547041673,29.1280521935069,586533.957327246,-655769.822364535,,,
189,1574803692,0,163,42.55,9.4823,4084,18,1000,2019-11-26T00:00:00.000Z,586933868,25.0695649716564,25.1280521935069,586559.992817679,-655833.822560753,,,
190,1574803701,0,177,42.54934,9.48237,4084,31,1000,2019-11-26T00:00:00.000Z,586933868,38.7046626533681,38.7949605182819,586572.611467773,-655905.897921945,,,
191,1574803708,0,163,42.54895,9.48253,4084,31,1000,2019-11-26T00:00:00.000Z,586933868,38.0393066023168,38.1280521935069,586589.865281415,-655947.463359413,,,
192,1574803717,0,225,42.54865,9.48236,4084,25,1000,2019-11-26T00:00:00.000Z,586933868,31.4797741332117,31.5532163543119,586578.934446678,-655981.967738849,,,
193,1574803725,0,281,42.54872,9.48197,4084,19,1000,2019-11-26T00:00:00.000Z,586933868,18.8164819510729,18.8603807485017,586546.001940862,-655977.627145642,,,
194,1574803731,0,284,42.54878,9.4817,4084,18,1000,2019-11-26T00:00:00.000Z,586933868,17.4013509092053,17.441948210047,586523.083026418,-655973.351372729,,,
195,1574803740,0,281,42.54883,9.48146,4084,10,1000,2019-11-26T00:00:00.000Z,586933868,9.83743005292345,9.86038074850173,586502.745228574,-655969.917673695,,,
196,1574804183,0,14,42.54884,9.48141,4084,0,1000,2019-11-26T00:00:00.000Z,586933868,-7.9619372257877,-7.98051240207859,586498.512508092,-655969.24819384,,,
